,price,area,bedrooms,bathrooms,stories,mainroad,guestroom,basement,hotwaterheating,airconditioning,parking,prefarea,furnishingstatus
0,13300000,8.912069097970134,4,2,3,1,0,0,0,1,2,1,2
1,12250000,9.10063710688422,4,4,4,1,0,0,0,1,3,0,2
2,12250000,9.206432747145165,3,2,2,1,0,1,0,0,2,1,1
3,12215000,8.922791623969637,4,2,2,1,0,1,0,1,3,1,2
4,11410000,8.912069097970134,4,1,2,1,1,1,0,1,2,0,2
5,10850000,8.922791623969637,3,3,1,1,0,1,0,1,2,1,1
6,10150000,9.057305735807121,4,3,4,1,0,0,0,1,2,1,1
7,10150000,9.692828247710418,5,3,2,1,0,0,0,0,0,0,0
8,9870000,8.999742789830492,4,1,2,1,1,1,0,1,2,1,2
9,9800000,8.657129031713755,3,2,4,1,1,0,0,1,1,1,0
10,9800000,9.488047863280759,3,1,2,1,0,1,0,1,2,1,2
11,9681000,8.699681400989514,4,3,2,1,1,1,1,0,2,0,1
12,9310000,8.787372988731876,4,2,2,1,0,0,0,1,1,1,1
13,9240000,8.160803920954665,4,2,2,1,0,0,1,0,2,0,2
14,9240000,8.962007209588313,3,2,2,1,0,0,0,0,0,1,1
15,9100000,8.699681400989514,4,1,2,1,0,1,0,0,2,0,1
16,9100000,8.79497643168877,4,2,2,1,1,1,0,1,1,1,0
17,8960000,9.04793908261736,3,2,4,1,0,0,0,1,2,0,2
18,8890000,8.434028950155469,3,2,2,1,1,0,0,1,2,0,2
19,8855000,8.76732914779405,3,2,2,1,0,0,0,1,1,1,1
20,8750000,8.371242135931933,3,1,2,1,0,1,1,0,2,0,1
21,8680000,8.87570644462861,3,2,1,1,1,1,0,1,2,0,0
22,8645000,8.993551586299981,3,1,1,1,1,1,0,1,1,0,2
23,8645000,8.4252971767117,3,2,2,1,1,1,0,1,1,0,2
24,8575000,9.082620630373812,3,2,2,1,0,0,0,1,2,0,2
25,8540000,8.785845337961213,4,2,2,1,1,1,0,1,2,1,2
26,8463000,8.699681400989514,3,2,4,1,1,1,0,1,0,1,1
27,8400000,9.091106284052485,3,1,1,1,0,0,0,0,1,0,1
28,8400000,8.981052985901483,5,2,2,1,0,1,1,0,2,0,0
29,8400000,8.612685172875459,4,2,2,1,0,1,0,1,1,1,1
30,8400000,8.919453168575453,3,2,4,1,0,0,0,1,2,0,0
31,8400000,8.853808274977197,3,1,4,1,0,0,0,1,2,0,1
32,8295000,8.493105395887147,4,2,2,1,0,0,0,1,1,1,2
33,8190000,8.692993531219926,3,3,2,1,1,1,0,0,1,0,0
34,8120000,8.830689198760998,5,1,2,1,1,1,0,1,1,0,2
35,8080940,8.853808274977197,3,2,4,1,0,0,0,1,2,0,2
36,8043000,8.920389060080359,3,2,3,1,0,0,1,0,1,1,2
37,7980000,9.105090961257085,4,2,4,1,0,0,0,1,2,0,2
38,7962500,8.699681400989514,3,1,4,1,1,0,0,1,2,0,0
39,7910000,8.699681400989514,4,2,4,1,0,0,0,1,1,0,1
40,7875000,8.787372988731876,3,1,2,1,0,1,0,1,0,1,2
41,7840000,8.757940876678804,3,2,4,1,0,0,0,1,0,1,2
42,7700000,8.776630098427717,3,2,4,1,0,0,0,1,2,0,0
43,7700000,8.699681400989514,4,2,4,1,0,0,0,0,2,0,1
44,7560000,8.699681400989514,4,2,4,1,0,0,0,1,1,0,2
45,7560000,8.699681400989514,3,2,3,1,0,0,0,1,0,0,1
46,7525000,8.699681400989514,3,2,4,1,0,0,0,1,1,0,2
47,7490000,8.79497643168877,3,1,4,1,0,0,0,1,3,1,2
48,7455000,8.366602832783736,3,2,2,1,0,1,0,0,1,0,0
49,7420000,8.914760527397261,3,2,1,1,1,1,0,1,0,1,1
50,7420000,8.914760527397261,3,2,4,1,0,0,0,0,1,1,0
51,7420000,8.752423403865594,3,1,4,1,0,0,0,1,1,0,0
52,7350000,8.699681400989514,4,2,4,1,1,0,0,1,1,0,2
53,7350000,8.546946149565585,3,2,4,1,0,0,0,1,2,0,1
54,7350000,8.699681400989514,3,2,2,1,1,0,0,1,1,0,1
55,7350000,8.699681400989514,3,1,2,1,0,0,0,1,1,0,0
56,7343000,9.344958673700944,4,1,2,1,0,1,0,0,1,1,1
57,7245000,9.105090961257085,4,2,4,1,1,0,0,1,1,1,2
58,7210000,8.946505025998682,4,2,4,1,1,0,0,1,1,0,1
59,7210000,8.699681400989514,3,2,4,1,1,0,0,1,1,0,2
60,7140000,8.699681400989514,3,2,2,1,1,0,0,0,1,0,1
61,7070000,9.091669442258505,2,1,1,1,0,0,0,1,1,0,1
62,7070000,8.738895704934043,4,2,2,1,0,0,0,1,1,0,2
63,7035000,8.757940876678804,4,2,3,1,0,0,0,1,2,1,2
64,7000000,9.321523900936798,3,1,1,1,0,1,0,1,1,1,2
65,6930000,9.091669442258505,3,2,2,1,0,1,0,1,1,0,2
66,6930000,9.488047863280759,2,1,1,1,0,1,1,0,1,0,2
67,6895000,8.94910546953925,3,2,1,1,0,0,0,0,2,0,0
68,6860000,8.699681400989514,3,1,1,1,0,0,0,1,1,0,2
69,6790000,9.400216653174247,4,2,2,1,0,0,0,0,2,1,2
70,6790000,8.294299608857235,3,2,2,1,0,1,0,1,0,1,1
71,6755000,8.699681400989514,4,2,4,1,0,0,0,1,0,0,0
72,6720000,8.521384396034705,3,1,4,1,0,0,0,1,0,1,0
73,6685000,8.79497643168877,2,2,4,1,0,1,0,0,0,1,2
74,6650000,8.304247465078474,3,1,2,1,0,1,1,0,1,0,2
75,6650000,8.357259153499912,4,2,2,1,0,0,1,0,0,0,1
76,6650000,8.76732914779405,3,2,3,1,0,0,0,1,0,1,2
77,6650000,8.77971129020447,3,2,3,1,0,0,0,1,0,1,2
78,6650000,8.648396877031582,3,1,1,1,1,1,0,1,2,1,2
79,6650000,8.699681400989514,3,2,3,1,1,0,0,1,0,0,2
80,6629000,8.699681400989514,3,1,2,1,0,0,1,0,1,1,1
81,6615000,8.294299608857235,3,2,2,1,0,1,0,1,1,0,1
82,6615000,9.259225769705994,3,2,1,1,0,1,0,1,1,1,2
83,6580000,8.699681400989514,3,2,4,1,0,0,0,1,0,0,1
84,6510000,8.232440158470336,3,1,2,1,0,0,1,0,2,0,1
85,6510000,9.018089684104343,3,2,3,1,0,0,0,1,0,0,2
86,6510000,8.805525052709516,3,1,3,1,0,1,0,0,0,1,0
87,6475000,8.284251797621916,3,1,1,1,0,1,0,0,2,0,1
88,6475000,8.910720661951359,3,1,1,1,1,1,0,1,2,1,0
89,6440000,9.057305735807121,5,3,2,1,0,0,0,0,2,0,2
90,6440000,8.517393171418904,3,1,2,1,0,0,0,1,0,0,1
91,6419000,8.81744592104187,2,1,1,1,1,1,0,0,2,1,2
92,6405000,8.476579508530941,3,2,4,1,1,0,0,1,0,0,2
93,6300000,8.881975184248867,3,2,1,1,0,1,0,1,3,0,1
94,6300000,8.699681400989514,4,2,4,1,0,0,0,0,1,0,1
95,6300000,8.31898612539206,3,2,3,1,0,0,0,1,2,0,1
96,6300000,9.105090961257085,3,1,1,1,0,1,0,0,1,1,2
97,6300000,8.764209507142004,3,1,1,1,1,1,0,1,1,1,1
98,6293000,8.79497643168877,3,2,3,1,0,0,0,1,0,1,0
99,6265000,8.699681400989514,4,1,3,1,1,1,0,0,0,1,0
100,6230000,8.79497643168877,3,2,1,1,0,1,0,1,0,1,0
101,6230000,8.612685172875459,3,1,3,1,0,0,0,0,1,1,0
102,6195000,8.612685172875459,3,2,4,1,1,0,0,1,1,0,1
103,6195000,8.756367559802975,3,2,3,1,1,0,0,1,0,0,2
104,6195000,8.612685172875459,3,2,1,1,1,1,0,0,2,1,2
105,6160000,8.412054873292933,3,1,4,1,0,0,0,1,0,0,0
106,6160000,8.603554357064281,4,2,1,1,0,1,0,1,0,1,1
107,6125000,8.76732914779405,3,1,3,1,0,1,0,0,0,1,0
108,6107500,8.083637203141548,4,1,3,1,0,0,0,0,1,0,1
109,6090000,8.797246236703527,4,2,2,1,1,0,1,0,1,0,1
110,6090000,8.79497643168877,3,1,1,1,1,1,0,0,2,1,1
111,6090000,9.032767522204432,3,1,3,1,0,0,0,1,2,0,0
112,6083000,8.366602832783736,6,2,2,1,0,0,0,0,0,0,2
113,6083000,9.171703488361265,3,1,1,1,0,1,0,0,2,1,2
114,6020000,8.824824939175638,2,1,1,1,1,1,0,0,2,0,2
115,6020000,8.987321812850125,3,1,1,1,1,1,0,1,2,1,1
116,6020000,8.839421607620602,3,2,1,1,1,1,0,0,0,1,0
117,5950000,8.216358332386156,4,1,2,1,1,0,0,1,0,0,2
118,5950000,8.76732914779405,3,1,1,1,0,1,0,1,0,1,2
119,5950000,8.85666093701725,3,1,1,1,0,1,0,1,2,1,1
120,5950000,8.785845337961213,3,1,1,1,1,1,0,0,2,1,2
121,5950000,8.886270902072013,3,1,2,1,1,1,0,1,0,1,1
122,5950000,8.741136422901011,4,2,1,1,0,1,0,0,1,1,1
123,5950000,8.898502209646642,4,2,2,1,0,0,0,0,0,0,2
124,5950000,8.783549477153265,3,2,4,1,0,0,0,0,1,0,2
125,5943000,9.65509029374725,3,1,1,1,0,0,0,1,2,0,1
126,5880000,8.87640491500694,3,1,1,1,0,1,0,0,2,1,0
127,5880000,8.77971129020447,3,2,3,1,0,0,0,1,0,0,0
128,5873000,8.612685172875459,3,1,3,1,1,0,0,1,1,0,2
129,5873000,9.346705246496699,3,1,3,1,0,0,0,0,2,1,1
130,5866000,8.476579508530941,3,1,1,1,1,1,0,0,0,0,0
131,5810000,8.67060073804555,4,1,4,1,1,0,0,0,0,0,1
132,5810000,8.556606193773073,3,1,3,1,0,0,0,1,0,0,1
133,5810000,8.476579508530941,3,1,3,1,0,0,0,1,0,0,0
134,5803000,8.853808274977197,3,1,1,1,0,1,0,0,2,1,1
135,5775000,8.699681400989514,3,2,4,1,0,0,0,1,0,0,0
136,5740000,8.594339400592892,4,2,2,1,0,0,0,1,2,0,0
137,5740000,8.442685139241176,4,1,2,1,0,0,0,0,1,0,1
138,5740000,8.517393171418904,3,1,3,1,0,0,0,1,0,0,1
139,5740000,8.757940876678804,3,1,1,1,1,1,0,1,2,1,2
140,5740000,8.665785595466064,3,2,4,1,0,0,0,1,0,0,0
141,5652500,8.804024902413179,4,2,2,1,1,1,0,0,1,1,1
142,5600000,9.259225769705994,4,2,2,1,0,0,0,0,1,0,1
143,5600000,8.476579508530941,5,2,3,0,0,1,1,0,0,0,0
144,5600000,8.45553053102413,4,1,2,1,1,1,0,1,1,0,2
145,5600000,8.517393171418904,3,1,4,1,0,0,0,0,0,0,2
146,5600000,9.259225769705994,2,1,1,1,0,0,0,0,1,0,1
147,5600000,8.612685172875459,3,2,2,1,0,0,0,0,1,0,1
148,5600000,8.757940876678804,3,1,3,1,0,0,0,0,0,1,1
149,5600000,8.79497643168877,4,2,1,1,0,1,0,0,0,1,1
150,5600000,8.544224530467268,3,1,2,1,1,1,0,1,0,1,0
151,5565000,8.38958706681109,4,1,2,1,0,0,0,1,2,1,1
152,5565000,8.594339400592892,5,1,2,1,1,1,0,1,0,1,2
153,5530000,8.101980731853192,3,3,2,1,0,1,0,0,0,0,1
154,5530000,8.202756381655638,3,2,2,1,0,0,0,0,2,0,1
155,5530000,8.716207971151853,3,2,1,1,0,1,0,0,2,1,2
156,5523000,8.839421607620602,3,1,1,1,1,1,0,0,0,1,1
157,5495000,7.943782692458625,4,2,2,0,1,1,0,0,1,0,2
158,5495000,8.984818995876008,3,1,1,1,0,0,0,0,2,0,1
159,5460000,8.055475141757274,3,2,1,1,1,1,0,1,0,0,2
160,5460000,8.734077192559303,4,1,4,1,1,0,0,1,0,0,2
161,5460000,8.716207971151853,3,1,3,1,1,0,0,1,0,1,1
162,5460000,8.79497643168877,4,2,2,1,1,1,0,0,0,1,1
163,5425000,8.828494129466652,3,1,1,1,1,1,0,1,0,1,1
164,5390000,8.811503250158239,3,2,2,1,1,1,0,0,1,1,2
165,5383000,8.771990436532242,3,2,1,1,1,1,1,0,0,0,0
166,5320000,8.962007209588313,3,1,1,1,0,1,0,1,2,1,0
167,5285000,8.434028950155469,2,2,1,1,0,0,0,1,2,0,1
168,5250000,8.357259153499912,4,1,2,1,0,1,0,1,0,0,2
169,5250000,8.785845337961213,4,2,2,0,0,0,0,1,0,0,1
170,5250000,8.612685172875459,3,2,1,1,0,1,0,0,0,0,1
171,5250000,9.236982302922604,3,1,1,1,0,0,0,0,1,1,1
172,5250000,9.036106025364846,3,1,2,1,1,1,0,1,2,1,0
173,5250000,8.575650760987806,4,2,1,1,0,0,0,1,0,1,0
174,5250000,8.24301946898925,3,1,2,1,1,1,0,0,1,1,0
175,5250000,9.19023970026918,4,2,2,1,1,0,0,0,2,0,1
176,5250000,9.050288983827956,3,1,1,1,0,0,0,1,2,0,2
177,5243000,8.707978826622321,3,1,1,1,0,1,0,0,0,1,1
178,5229000,8.865876285425417,3,1,1,1,1,1,0,0,2,1,1
179,5215000,8.064950891749143,3,2,2,1,0,0,0,0,2,0,1
180,5215000,8.412054873292933,4,2,1,0,0,1,0,1,2,0,1
181,5215000,8.881975184248867,3,1,2,1,1,1,0,0,1,1,2
182,5145000,8.134760782418645,3,1,2,0,0,0,0,1,0,0,1
183,5145000,8.984818995876008,3,1,1,1,0,0,0,0,1,1,1
184,5110000,8.006700845440367,3,2,2,1,1,1,0,0,0,0,2
185,5110000,8.006700845440367,3,1,2,1,0,1,0,0,0,0,0
186,5110000,9.34233308143468,2,1,2,1,0,0,0,0,0,1,2
187,5110000,8.716207971151853,3,1,1,1,0,1,0,1,0,1,1
188,5075000,8.651898894268529,2,1,2,1,0,0,0,1,0,1,0
189,5040000,8.172164452111904,2,1,1,0,1,1,0,0,0,0,1
190,5040000,8.936035096566041,4,1,2,1,0,0,0,1,2,0,2
191,5040000,9.278092474027002,3,1,2,1,1,1,0,0,0,0,1
192,5040000,8.79497643168877,3,1,1,1,1,1,0,0,0,1,2
193,5033000,8.476579508530941,2,1,1,1,1,1,0,0,0,0,1
194,5005000,9.005895898094458,3,2,1,1,1,1,0,0,0,0,1
195,4970000,8.39185670010494,4,3,2,1,0,1,0,0,2,0,1
196,4970000,8.947285869349132,3,1,1,1,1,1,1,0,0,0,1
197,4956000,7.937731775260109,3,2,2,0,0,1,0,1,1,0,1
198,4935000,8.690978417187905,3,1,2,1,0,0,0,1,0,0,1
199,4907000,8.343077871169383,3,1,2,1,0,0,0,0,1,0,2
200,4900000,8.416488487294606,3,1,2,1,0,1,0,1,0,0,1
201,4900000,8.317766166719343,3,1,2,0,1,1,0,1,0,0,1
202,4900000,8.323851131338817,2,1,1,1,0,1,0,0,1,0,1
203,4900000,8.594339400592892,4,1,2,1,0,0,0,0,0,0,1
204,4900000,8.470311205516108,3,1,1,1,1,1,0,0,0,0,1
205,4900000,8.748463629942055,3,1,1,1,0,0,0,1,2,0,1
206,4900000,8.665785595466064,2,1,1,1,1,1,0,1,0,0,1
207,4900000,8.006700845440367,3,1,2,1,0,1,0,1,0,0,1
208,4900000,7.9966538754626075,3,1,3,1,0,0,0,0,0,0,1
209,4900000,8.812992231969966,3,1,1,1,0,0,0,0,0,0,0
210,4900000,8.443977129084978,3,1,2,1,1,1,0,0,2,0,1
211,4900000,9.465060106725137,3,1,1,1,0,0,0,0,2,0,2
212,4893000,8.137688184977605,4,2,2,1,0,1,0,1,2,0,1
213,4893000,8.516392871245468,4,2,1,1,0,1,0,0,0,0,1
214,4865000,8.37816098272068,2,1,1,1,0,1,0,0,0,0,0
215,4830000,8.333510708982942,3,1,3,1,0,0,0,0,0,0,0
216,4830000,8.706324840138741,3,1,1,1,0,0,0,0,2,1,1
217,4830000,8.833899942908635,3,1,2,1,0,0,0,1,2,1,2
218,4830000,8.479698986988657,2,1,1,1,0,0,0,1,0,1,1
219,4795000,8.853808274977197,3,1,2,1,0,1,0,0,0,0,0
220,4795000,8.999742789830492,4,1,4,1,0,1,0,1,2,0,1
221,4767000,8.137688184977605,4,2,2,1,0,0,0,0,0,0,1
222,4760000,9.123365357961776,2,1,1,1,0,1,0,1,2,0,1
223,4760000,8.751790892775563,3,1,2,1,0,1,0,1,1,0,2
224,4760000,9.234154550075438,2,1,1,1,0,0,0,1,2,1,0
225,4753000,8.77043908654689,2,1,1,1,0,0,0,1,3,0,1
226,4690000,8.550821372396221,3,1,4,1,0,0,0,1,0,0,1
227,4690000,8.699681400989514,2,1,1,1,0,1,0,1,1,0,2
228,4690000,8.197263371414335,3,1,2,1,0,0,0,0,2,0,1
229,4690000,9.176576741823373,4,2,2,1,1,1,0,0,1,0,1
230,4690000,8.594339400592892,2,1,2,1,0,0,0,0,0,1,1
231,4690000,8.371242135931933,3,1,1,1,0,0,0,0,0,1,1
232,4655000,8.228443883004033,3,1,2,1,0,1,0,0,0,0,2
233,4620000,8.333510708982942,3,1,1,1,1,1,0,1,0,0,0
234,4620000,8.263848131368906,3,2,2,1,0,1,0,0,2,0,1
235,4620000,8.644882552557126,3,1,2,1,1,0,0,1,1,0,1
236,4620000,7.9624156801210635,2,1,2,1,1,1,0,0,0,1,1
237,4620000,8.519390774959724,3,1,2,1,0,1,0,0,0,0,1
238,4613000,8.414274137408396,4,2,2,1,0,1,0,0,0,0,1
239,4585000,8.294299608857235,3,1,2,1,0,0,0,0,1,0,2
240,4585000,8.253488028345904,3,1,2,1,0,0,0,0,1,1,1
241,4550000,8.232440158470336,3,1,1,1,0,0,0,0,2,0,1
242,4550000,8.200013648175434,3,1,2,1,0,0,0,1,0,0,2
243,4550000,7.844240718141811,3,1,2,1,0,1,0,0,0,0,2
244,4550000,8.579416534596369,3,1,2,1,1,1,0,0,0,1,1
245,4550000,8.586905803827538,3,1,2,1,0,0,0,0,2,1,0
246,4550000,8.166500319155052,3,1,1,1,0,0,0,0,0,1,1
247,4550000,9.036106025364846,4,1,4,1,0,0,0,0,3,0,0
248,4543000,8.31898612539206,2,2,1,1,1,1,0,0,0,0,1
249,4543000,8.515391569469609,4,2,2,1,1,1,0,0,0,1,2
250,4515000,8.163656176168432,3,1,3,1,0,0,0,0,0,0,1
251,4515000,8.146419323098003,3,1,2,1,0,1,0,0,1,0,1
252,4515000,9.19634286233233,3,1,1,1,0,0,0,0,0,0,1
253,4515000,8.166500319155052,2,1,2,1,0,0,0,0,0,1,2
254,4480000,8.414274137408396,4,1,2,1,0,0,0,1,2,0,1
255,4480000,8.680331928793418,2,1,1,1,0,0,0,1,1,0,0
256,4480000,8.294299608857235,3,1,2,1,0,0,0,0,2,0,2
257,4480000,9.018089684104343,3,1,1,1,0,0,0,0,0,0,2
258,4480000,8.304247465078474,3,1,2,1,0,0,0,0,1,0,1
259,4473000,8.757940876678804,2,1,1,1,0,1,0,1,1,0,2
260,4473000,8.059276223305648,3,1,2,1,0,0,0,1,1,0,2
261,4473000,8.163656176168432,3,1,2,1,0,0,0,0,0,0,1
262,4445000,8.229777750081887,2,1,1,1,1,1,0,0,0,0,1
263,4410000,8.286269452783065,3,1,2,0,0,0,0,0,0,0,1
264,4410000,8.497194544909547,2,1,2,1,0,1,0,0,0,0,1
265,4403000,7.9658927350845286,3,1,2,1,0,0,0,0,0,1,1
266,4403000,8.493105395887147,3,1,1,1,0,0,0,0,2,1,0
267,4403000,8.501267040865978,3,1,2,1,0,0,0,0,1,0,1
268,4382000,8.507344855361422,4,1,2,1,0,0,0,1,0,0,1
269,4375000,8.268988209506656,3,1,2,1,0,0,0,0,0,0,0
270,4340000,8.412054873292933,3,2,3,1,0,0,1,0,1,0,2
271,4340000,7.552762084214147,5,1,2,0,0,1,0,0,0,0,1
272,4340000,8.312871394342615,3,1,1,1,1,1,0,0,2,0,1
273,4340000,8.160803920954665,4,1,2,1,0,0,0,0,2,0,2
274,4340000,8.771990436532242,4,1,2,1,0,0,0,0,0,0,1
275,4319000,8.302265794873367,2,1,1,1,0,1,0,0,0,0,2
276,4305000,8.38958706681109,2,1,1,1,0,0,0,0,1,0,1
277,4305000,9.245804036251752,2,1,1,1,0,0,0,0,1,1,1
278,4277000,8.131824785007195,3,1,2,1,0,1,0,0,2,1,1
279,4270000,8.757940876678804,2,1,1,1,0,0,0,0,0,0,2
280,4270000,8.757940876678804,2,1,2,1,0,0,0,0,0,0,0
281,4270000,8.412054873292933,2,1,1,1,0,0,0,1,2,0,2
282,4270000,7.685243607975833,3,1,2,0,1,1,0,1,0,0,0
283,4270000,8.380456667842767,4,1,2,1,0,0,0,0,0,0,2
284,4270000,8.958154135209242,2,1,1,1,0,0,0,0,1,0,2
285,4235000,8.802522498284421,3,1,2,1,1,0,0,0,0,0,1
286,4235000,7.933079771880415,3,1,1,1,0,1,0,0,0,1,2
287,4200000,8.612685172875459,3,1,2,1,0,0,0,1,0,0,0
288,4200000,8.525359754082631,3,1,2,1,0,1,0,1,0,0,0
289,4200000,8.674367865788236,2,1,1,1,1,1,0,0,2,0,1
290,4200000,7.8674885686991285,4,3,2,0,0,0,0,0,0,0,1
291,4200000,7.9909154630913255,3,1,2,1,0,1,0,1,0,0,0
292,4200000,7.91862865334224,4,2,2,0,0,0,0,0,0,0,1
293,4200000,8.39185670010494,2,1,1,0,0,0,0,0,1,0,0
294,4200000,8.294299608857235,4,2,2,0,0,0,0,0,0,0,1
295,4200000,7.75190533307861,3,1,2,0,0,0,0,0,0,0,1
296,4200000,8.434028950155469,3,2,2,1,0,0,0,1,1,0,1
297,4200000,8.200013648175434,3,2,2,1,0,1,0,0,0,0,0
298,4200000,8.665785595466064,3,1,1,1,0,0,1,0,2,0,1
299,4200000,8.853808274977197,3,1,1,1,0,0,0,0,3,0,2
300,4200000,8.313852267398207,3,1,3,1,0,0,0,0,0,0,1
301,4200000,8.166500319155052,3,1,2,1,0,0,0,0,0,1,1
302,4200000,7.671360923190644,3,1,3,1,0,0,0,0,1,1,0
303,4200000,8.412054873292933,3,1,1,1,0,1,0,0,0,0,2
304,4193000,9.018089684104343,3,1,1,1,0,1,0,0,3,0,1
305,4193000,8.146419323098003,3,1,2,1,0,0,0,0,1,0,1
306,4165000,8.484876589939695,3,1,2,1,0,0,0,0,1,0,1
307,4165000,8.314097335405807,3,1,2,1,0,0,0,0,2,0,1
308,4165000,8.305731144875866,3,1,2,1,0,1,0,0,1,0,1
309,4130000,8.440959885416648,4,1,2,1,0,0,0,1,0,0,1
310,4130000,8.697178688412643,3,1,1,1,0,1,0,0,0,0,1
311,4123000,8.709630081951286,2,1,1,1,0,1,0,0,1,0,1
312,4098500,8.188966863648876,3,1,1,1,0,1,0,1,0,1,2
313,4095000,8.210939733379021,3,2,2,1,0,0,0,0,0,0,1
314,4095000,8.304247465078474,2,1,2,1,0,0,0,0,1,0,1
315,4095000,8.630700432209832,2,1,1,1,0,0,0,1,0,0,1
316,4060000,8.682877107057168,4,2,2,0,0,1,0,0,1,0,0
317,4060000,8.51579221050061,3,2,2,1,0,0,0,0,2,0,0
318,4060000,8.375860015299594,3,1,1,1,0,0,0,0,0,0,1
319,4060000,8.006700845440367,4,1,3,1,0,1,0,1,2,0,1
320,4060000,8.371242135931933,3,1,2,1,0,0,0,0,2,1,2
321,4025000,8.197263371414335,3,2,2,1,0,0,1,0,2,0,1
322,4025000,8.149312843635345,3,2,1,1,0,1,0,1,1,0,2
323,4025000,8.594339400592892,3,1,1,1,0,0,0,0,3,0,1
324,4007500,8.412054873292933,3,1,2,0,0,1,0,1,0,0,1
325,4007500,8.149312843635345,4,1,2,1,0,0,0,1,0,0,1
326,3990000,8.31898612539206,4,1,1,0,0,1,0,0,0,0,0
327,3990000,8.776630098427717,3,1,2,0,0,0,0,1,1,0,1
328,3990000,8.412054873292933,3,2,2,0,0,1,0,1,0,0,1
329,3990000,8.284251797621916,3,1,2,1,0,0,0,0,0,0,2
330,3990000,8.30671904320269,2,1,2,1,1,1,0,0,0,1,0
331,3920000,8.890272839380247,3,2,1,1,1,1,0,0,3,0,2
332,3920000,8.612685172875459,4,1,2,1,1,1,0,0,0,0,1
333,3920000,8.006700845440367,3,1,2,1,0,0,0,0,0,0,1
334,3920000,8.098946748943339,2,1,1,1,0,0,1,0,1,0,2
335,3920000,8.247220052745229,2,1,1,1,0,1,0,1,2,0,2
336,3920000,8.997270906233448,3,1,1,1,0,0,0,1,2,0,1
337,3920000,7.671360923190644,4,2,1,1,0,1,0,0,0,1,0
338,3885000,8.237743803890933,2,1,2,1,1,1,0,0,0,0,1
339,3885000,8.064950891749143,4,2,2,1,0,0,0,0,0,0,2
340,3850000,8.575650760987806,5,2,2,1,0,0,0,0,0,0,1
341,3850000,8.064950891749143,2,2,1,1,0,1,0,0,2,0,1
342,3850000,8.875287128108384,3,1,2,1,0,0,0,1,0,0,2
343,3850000,8.314097335405807,2,1,1,1,0,0,0,0,0,0,1
344,3850000,8.25608813381491,2,1,1,1,0,0,0,0,0,0,1
345,3850000,7.60887062919126,3,1,2,1,0,1,0,0,0,1,1
346,3850000,7.685703061234547,2,1,2,1,1,0,0,0,0,1,1
347,3836000,8.11701408773731,3,1,2,1,0,0,0,0,0,0,0
348,3815000,8.055475141757274,2,2,1,0,0,1,0,0,0,0,1
349,3780000,8.480736654405622,3,1,2,1,0,0,0,0,0,0,1
350,3780000,8.137688184977605,2,1,2,1,0,0,1,0,1,0,1
351,3780000,8.188966863648876,2,1,1,1,0,0,0,0,0,0,1
352,3780000,8.670943791222156,2,1,1,1,0,0,0,0,2,0,0
353,3780000,7.957527402230773,3,1,3,1,0,0,0,0,0,1,2
354,3780000,9.036106025364846,2,1,1,1,0,0,0,0,1,0,2
355,3773000,9.018089684104343,3,1,1,1,0,0,0,0,2,0,2
356,3773000,7.83241092718792,5,2,1,0,0,1,0,1,1,0,2
357,3773000,8.843759381917984,4,1,2,0,0,0,0,0,1,0,2
358,3745000,8.15507488781144,2,1,1,1,0,0,0,0,0,1,1
359,3710000,8.188966863648876,3,1,1,1,0,0,0,0,1,0,0
360,3710000,8.304247465078474,2,1,1,1,0,0,0,0,0,0,1
361,3710000,8.703008637464448,3,1,1,1,0,0,0,0,0,0,1
362,3710000,8.30671904320269,2,1,1,1,0,0,0,0,0,0,2
363,3710000,8.184513753033722,2,1,1,1,0,0,1,0,0,0,1
364,3703000,8.045908742270779,3,1,2,0,0,1,1,0,0,0,1
365,3703000,8.603554357064281,2,1,1,1,0,0,0,0,0,0,2
366,3675000,8.197263371414335,2,1,1,1,0,1,0,0,0,0,2
367,3675000,8.197263371414335,2,1,1,1,0,0,0,1,0,0,0
368,3675000,8.637816633739977,2,1,1,0,0,0,0,0,0,0,1
369,3675000,8.188966863648876,2,1,1,1,0,0,0,0,0,0,2
370,3640000,8.361941906144946,2,1,1,1,0,0,0,1,2,0,1
371,3640000,8.18060094759445,3,1,2,1,0,1,0,0,0,0,1
372,3640000,8.064950891749143,3,1,2,0,0,1,0,0,0,0,1
373,3640000,8.006700845440367,2,1,2,1,0,0,0,1,0,0,2
374,3640000,8.166500319155052,2,2,1,1,0,1,0,0,0,0,1
375,3640000,8.692993531219926,3,1,2,1,1,1,0,0,0,0,0
376,3640000,8.326274787396764,3,2,2,1,0,0,0,0,2,0,1
377,3640000,7.955425088912672,3,2,2,0,0,1,0,0,0,1,0
378,3640000,7.730174795246222,3,1,3,1,0,0,1,1,0,1,1
379,3633000,8.166500319155052,3,1,1,1,0,0,0,0,2,1,0
380,3605000,8.412054873292933,2,1,1,1,0,0,0,0,0,0,1
381,3605000,8.294299608857235,2,1,1,1,0,0,0,0,0,1,1
382,3570000,8.055475141757274,3,1,2,1,0,1,0,0,0,0,2
383,3570000,8.412054873292933,4,2,2,1,0,1,0,0,2,0,2
384,3570000,8.412054873292933,2,1,1,0,0,0,0,0,0,0,2
385,3570000,8.200013648175434,2,1,1,1,0,0,0,0,0,0,0
386,3535000,8.25608813381491,3,1,1,1,0,0,0,0,2,0,0
387,3500000,8.352554369474591,3,1,2,1,0,0,0,1,0,0,1
388,3500000,8.202756381655638,3,1,2,1,0,0,0,0,0,0,0
389,3500000,8.434028950155469,4,1,2,1,0,0,0,0,0,0,1
390,3500000,7.666690200080086,3,2,2,0,0,0,0,0,0,0,0
391,3500000,8.01862546504575,3,1,2,1,0,1,0,0,0,0,1
392,3500000,8.291797105048733,3,1,2,1,0,0,0,0,0,0,1
393,3500000,8.9126079636709,3,1,1,0,0,0,0,0,0,0,0
394,3500000,8.15507488781144,3,1,1,0,0,0,0,1,0,0,0
395,3500000,8.188966863648876,6,1,2,1,0,0,0,0,1,0,0
396,3500000,8.200013648175434,2,1,1,1,0,0,0,0,1,0,1
397,3500000,8.682877107057168,2,1,1,1,0,0,0,0,1,0,2
398,3500000,8.045908742270779,3,1,2,1,0,0,0,0,1,0,0
399,3500000,8.902591637374087,2,1,1,1,0,0,0,0,1,0,1
400,3500000,8.164225652265827,2,1,1,1,0,0,0,0,1,1,0
401,3500000,9.15915233520675,3,1,2,1,0,0,0,0,3,1,0
402,3500000,8.679482094459956,2,1,1,1,0,0,0,0,0,0,0
403,3500000,9.468464892185638,3,1,1,1,0,0,0,0,0,0,0
404,3493000,8.497194544909547,3,1,2,0,0,0,0,0,0,0,0
405,3465000,8.026496938945412,3,1,1,1,0,0,0,0,0,0,0
406,3465000,8.579416534596369,2,1,1,1,0,0,0,0,1,1,0
407,3465000,7.671360923190644,3,1,3,1,0,0,0,0,0,1,2
408,3430000,8.294299608857235,2,1,1,1,0,0,0,0,0,0,0
409,3430000,8.066521490469993,2,1,1,1,0,0,0,0,2,0,0
410,3430000,8.25608813381491,3,1,1,1,0,0,0,0,0,0,0
411,3430000,7.671360923190644,3,1,3,1,0,0,0,0,0,1,2
412,3430000,7.8674885686991285,3,1,2,1,0,1,0,0,0,1,0
413,3430000,7.576097340623111,3,2,2,1,0,1,0,0,0,1,0
414,3423000,8.304247465078474,2,1,1,1,0,0,0,0,0,0,0
415,3395000,8.47345026846832,3,1,2,1,1,1,0,1,1,0,2
416,3395000,8.146419323098003,3,1,1,1,0,1,0,0,2,0,0
417,3395000,8.200013648175434,2,1,1,1,0,0,0,0,0,0,2
418,3360000,8.160803920954665,4,1,2,1,0,0,0,1,2,0,0
419,3360000,8.509362612301048,4,1,3,0,0,0,0,0,0,0,1
420,3360000,8.323851131338817,2,1,2,1,0,0,0,0,0,0,0
421,3360000,8.46611040118692,2,1,1,1,0,0,0,0,0,0,0
422,3360000,8.221747728346623,2,1,1,0,0,0,0,1,0,0,0
423,3360000,8.229777750081887,3,1,1,1,0,0,0,0,0,0,0
424,3360000,8.03947991910045,3,1,2,0,0,1,0,0,0,0,1
425,3360000,8.066521490469993,2,1,1,1,0,1,0,0,2,0,2
426,3353000,7.901377353792616,3,1,1,0,0,0,0,0,0,0,2
427,3332000,7.671360923190644,3,1,2,1,0,1,0,0,0,1,2
428,3325000,8.304247465078474,2,1,1,1,0,0,0,0,1,0,0
429,3325000,8.471358655072438,4,1,2,1,0,0,0,0,0,0,0
430,3290000,7.824445930877619,2,1,1,0,0,0,0,1,0,0,0
431,3290000,8.064950891749143,4,1,2,1,0,1,0,1,0,0,0
432,3290000,8.709630081951286,3,1,1,1,1,1,0,0,0,0,2
433,3290000,8.15507488781144,4,1,2,0,0,0,0,0,1,0,1
434,3290000,8.2409125416889,4,1,2,1,0,0,0,0,0,0,1
435,3290000,8.304247465078474,2,1,1,1,0,0,0,0,0,0,0
436,3290000,7.671360923190644,3,1,2,1,0,1,0,0,0,1,2
437,3290000,8.679482094459956,3,1,1,1,0,0,0,0,1,0,0
438,3255000,8.412054873292933,2,1,1,0,0,0,0,0,0,0,1
439,3255000,8.27664912542186,2,1,1,0,0,0,0,0,0,0,0
440,3234000,8.200013648175434,4,1,2,1,0,1,0,0,0,0,0
441,3220000,8.382747094863314,3,1,2,1,0,0,0,0,0,0,0
442,3220000,7.895436006942965,2,1,1,1,0,0,0,1,1,0,0
443,3220000,8.371242135931933,3,1,1,0,0,0,0,0,1,0,0
444,3220000,8.045908742270779,3,1,2,0,0,0,0,0,0,0,2
445,3150000,8.146419323098003,1,1,1,1,0,0,0,0,0,0,2
446,3150000,8.290794347381356,2,2,1,0,1,1,0,0,1,0,0
447,3150000,8.160803920954665,2,1,1,0,0,1,0,0,0,0,1
448,3150000,8.317766166719343,2,1,1,1,0,0,0,0,2,0,1
449,3150000,7.409136443920128,3,1,2,0,0,1,0,0,0,0,0
450,3150000,8.146419323098003,3,1,2,1,0,1,0,0,0,0,1
451,3150000,8.81744592104187,2,1,1,1,0,0,0,0,0,0,1
452,3150000,9.105090961257085,3,1,2,1,0,0,0,0,2,0,1
453,3150000,8.029432840581244,2,1,1,1,0,0,0,0,1,0,0
454,3143000,8.412054873292933,3,1,2,1,0,0,0,1,0,0,0
455,3129000,8.611775833902186,3,1,1,1,0,1,0,0,0,0,0
456,3118850,7.782807262839695,3,1,1,1,0,0,0,0,0,1,1
457,3115000,8.006700845440367,3,1,1,0,0,0,0,1,0,0,0
458,3115000,8.25608813381491,3,1,2,1,0,0,0,0,0,0,0
459,3115000,8.160803920954665,2,1,1,1,0,0,0,0,0,0,0
460,3087000,8.999742789830492,2,1,1,1,0,0,0,0,1,0,0
461,3080000,8.509362612301048,2,1,1,1,0,1,0,1,0,0,0
462,3080000,7.6783263565068856,3,1,2,0,0,1,0,0,0,0,1
463,3080000,8.036249942132116,2,1,1,1,1,1,0,0,0,0,0
464,3080000,8.412054873292933,2,1,2,1,0,0,1,0,1,0,1
465,3045000,8.24301946898925,2,1,1,1,0,0,0,0,0,0,0
466,3010000,8.036249942132116,3,1,2,0,0,0,0,0,0,0,1
467,3010000,8.083637203141548,3,1,2,1,0,0,0,0,2,0,1
468,3010000,7.950149887652018,2,1,1,1,0,0,0,0,0,0,1
469,3010000,8.434028950155469,2,1,1,1,0,0,0,0,0,0,2
470,3010000,8.532475814947395,3,1,1,0,0,0,0,0,0,0,0
471,3010000,8.229777750081887,3,1,2,1,0,0,0,0,0,0,0
472,3010000,8.197263371414335,4,1,2,1,0,0,0,0,3,0,1
473,3003000,8.993551586299981,2,1,1,1,0,0,0,0,0,0,0
474,2975000,8.378620541552298,4,1,2,0,0,0,0,0,1,0,0
475,2961000,8.006700845440367,2,1,2,1,0,0,0,0,0,0,1
476,2940000,8.674367865788236,3,1,2,1,0,1,0,0,1,0,0
477,2940000,8.509362612301048,2,1,1,1,0,0,0,0,0,0,0
478,2940000,8.188966863648876,3,1,2,0,0,0,0,0,1,0,0
479,2940000,8.205491613120236,4,1,2,0,0,0,0,0,0,0,0
480,2940000,8.15507488781144,3,1,2,0,0,0,0,0,1,0,1
481,2940000,7.901377353792616,2,1,1,0,0,0,0,0,0,0,2
482,2940000,8.055475141757274,3,1,2,0,0,0,0,0,0,0,0
483,2940000,8.797246236703527,3,1,2,1,0,0,0,0,0,0,1
484,2870000,8.019941687677365,2,1,1,0,0,0,0,0,0,0,0
485,2870000,8.197263371414335,2,1,1,1,0,0,0,0,0,0,0
486,2870000,8.699681400989514,2,1,1,1,0,0,0,0,0,0,1
487,2870000,8.594339400592892,4,1,2,1,0,0,0,0,0,0,0
488,2852500,8.556606193773073,4,1,3,1,0,0,0,0,0,0,0
489,2835000,8.101980731853192,3,1,2,0,0,0,0,0,1,0,1
490,2835000,8.37816098272068,3,1,2,0,0,0,1,0,1,0,0
491,2835000,7.878912912297132,2,1,1,0,0,0,0,0,1,0,2
492,2800000,7.8826922062890254,3,1,2,1,0,1,0,0,1,0,0
493,2800000,8.284251797621916,3,1,1,1,0,0,0,0,0,0,2
494,2730000,8.824824939175638,2,1,1,1,0,0,0,0,0,0,0
495,2730000,8.294299608857235,3,1,2,1,0,0,0,0,1,0,0
496,2695000,8.294299608857235,2,1,1,1,0,0,0,0,0,0,0
497,2660000,8.277666160851503,2,1,1,1,0,0,0,0,0,0,0
498,2660000,7.601402334583733,2,1,2,1,0,0,0,0,0,0,1
499,2660000,8.197263371414335,3,3,2,0,1,0,0,0,0,0,0
500,2660000,7.937731775260109,3,1,1,1,0,0,0,0,0,0,0
501,2660000,7.796057974316123,3,1,1,0,0,0,0,0,0,0,0
502,2660000,8.15507488781144,2,1,1,1,0,0,0,0,1,0,1
503,2660000,8.294299608857235,3,1,1,1,0,0,0,0,0,0,1
504,2653000,8.066521490469993,2,1,1,1,0,0,0,1,0,0,0
505,2653000,8.294299608857235,3,1,2,1,0,0,0,1,0,0,0
506,2604000,7.976251943745623,2,1,1,0,0,0,0,0,0,0,0
507,2590000,8.188966863648876,2,1,1,1,0,0,0,0,0,0,0
508,2590000,8.38958706681109,2,1,1,1,0,0,0,0,0,0,0
509,2590000,8.188966863648876,2,2,2,1,0,1,0,0,1,0,2
510,2520000,7.9658927350845286,3,1,1,0,0,0,0,0,0,0,0
511,2520000,8.064950891749143,3,1,1,0,0,0,0,0,0,0,0
512,2520000,8.006700845440367,2,1,2,1,0,0,0,0,0,0,2
513,2485000,8.38958706681109,3,1,2,1,0,0,0,0,0,0,0
514,2485000,8.006700845440367,3,1,2,0,0,0,0,0,0,0,1
515,2450000,8.074337694089515,3,1,2,1,0,1,0,0,0,0,0
516,2450000,8.083637203141548,2,1,1,0,1,0,0,0,1,0,0
517,2450000,8.006700845440367,2,1,1,1,0,0,0,0,1,0,0
518,2450000,8.160803920954665,2,1,1,1,1,0,0,0,0,0,0
519,2450000,8.484876589939695,2,1,2,1,0,0,0,0,0,0,0
520,2450000,8.94910546953925,2,1,1,1,0,0,0,0,0,0,0
521,2408000,8.19863945529737,2,1,1,0,0,0,0,0,0,0,0
522,2380000,7.814399633804487,3,1,2,1,0,0,0,0,0,0,2
523,2380000,7.933079771880415,4,2,2,1,0,0,0,0,0,0,2
524,2380000,8.09101504171053,2,1,1,1,0,0,0,0,0,0,0
525,2345000,8.200013648175434,2,1,1,1,0,0,0,0,0,0,0
526,2310000,8.064950891749143,2,1,1,1,0,0,0,0,0,0,0
527,2275000,7.515889085215125,2,1,1,0,0,1,0,0,0,0,1
528,2275000,8.286773231131251,1,1,1,0,0,0,0,0,0,0,0
529,2275000,8.286773231131251,3,1,2,1,0,1,0,0,0,0,0
530,2240000,7.576097340623111,3,1,1,0,0,0,1,0,0,0,0
531,2233000,8.575650760987806,3,1,1,0,0,0,0,1,0,1,0
532,2135000,8.006700845440367,2,1,1,0,0,0,0,0,0,0,0
533,2100000,7.783640596221253,3,1,2,1,0,0,0,0,0,0,0
534,2100000,8.006700845440367,4,1,2,1,0,0,0,0,0,0,0
535,2100000,8.119993827725105,2,1,1,1,0,0,0,0,1,0,0
536,1960000,8.137688184977605,5,1,2,0,0,0,0,0,0,0,0
537,1890000,7.438971592395862,3,1,2,1,0,0,0,0,0,0,0
538,1890000,8.202482446576537,2,1,1,1,0,0,0,0,0,0,0
539,1855000,8.003363058629947,2,1,1,0,0,0,0,0,1,0,0
540,1820000,8.006700845440367,2,1,1,1,0,1,0,0,2,0,0
541,1767150,7.783640596221253,3,1,1,0,0,0,0,0,0,0,1
542,1750000,8.19450550976564,2,1,1,1,0,0,0,0,0,0,0
543,1750000,7.976251943745623,3,1,1,0,0,0,0,0,0,0,2
544,1750000,8.25608813381491,3,1,2,1,0,0,0,0,0,0,0
